<?xml version="1.0" encoding="utf-8"?>
<modification>
	<name>REDS Hide Desabled Languages</name>
	<version>3.0</version>
	<code>reds_hide_desabled_language</code>
	<author>REDS</author>
	<email>suporte@agenciaprai.com</email>
	<website>https://agenciaprai.com/</website>

	<file path="admin/model/localisation/language.php">
		<operation info="replace condition display language">
			<search><![CDATA[
			$sql = "SELECT * FROM " . DB_PREFIX . "language";
			]]></search>
			<add position="replace"><![CDATA[
			$sql = "SELECT * FROM " . DB_PREFIX . "language WHERE status = '1'";
			]]></add>
		</operation>
		<operation info="replace condition display language">
			<search><![CDATA[
			$query = $this->db->query("SELECT * FROM " . DB_PREFIX . "language ORDER BY sort_order, name");
			]]></search>
			<add position="replace"><![CDATA[
			$query = $this->db->query("SELECT * FROM " . DB_PREFIX . "language WHERE status = '1' ORDER BY sort_order, name");
			]]></add>
		</operation>
	</file>
	
</modification>